{
    "systemLocations": [
        {
            "properties": {
                "__categories": [
                    {
                        "expanded": true,
                        "id": "System Location Properties",
                        "visible": true
                    }
                ],
                "__groups": [
                ],
                "capacity": {
                    "enabled": true,
                    "type": "integer",
                    "value": 0,
                    "visible": true
                },
                "id": {
                    "enabled": true,
                    "type": "uuid",
                    "value": "{ffef8f19-12db-4065-add9-f6c04ea0ae95}",
                    "visible": true
                },
                "name": {
                    "enabled": true,
                    "type": "text",
                    "value": "Internal Flash",
                    "visible": true
                }
            }
        },
        {
            "properties": {
                "__categories": [
                    {
                        "expanded": true,
                        "id": "System Location Properties",
                        "visible": true
                    }
                ],
                "__groups": [
                ],
                "capacity": {
                    "enabled": true,
                    "type": "integer",
                    "value": 0,
                    "visible": true
                },
                "id": {
                    "enabled": true,
                    "type": "uuid",
                    "value": "{713cb3c5-c415-499e-b606-fb94b3dec750}",
                    "visible": true
                },
                "name": {
                    "enabled": true,
                    "type": "text",
                    "value": "Internal SRAM",
                    "visible": true
                }
            }
        }
    ],
    "userLocations": [
    ]
}
