{
    "bindings": [
        {
            "font": "{75eb0bb0-b9b0-4663-8643-537999f7c911}",
            "language": "{77ea173c-b0ae-4c39-9abd-0f1467be67a4}",
            "string": "{029a65e7-8a54-4011-97f9-68596f8af81d}"
        },
        {
            "font": "{75eb0bb0-b9b0-4663-8643-537999f7c911}",
            "language": "{77ea173c-b0ae-4c39-9abd-0f1467be67a4}",
            "string": "{092cb2db-6ab1-4a1a-b434-562fa78292d2}"
        },
        {
            "font": "{75eb0bb0-b9b0-4663-8643-537999f7c911}",
            "language": "{77ea173c-b0ae-4c39-9abd-0f1467be67a4}",
            "string": "{58487951-4a54-49f3-a61b-345a55eccdab}"
        },
        {
            "font": "{75eb0bb0-b9b0-4663-8643-537999f7c911}",
            "language": "{77ea173c-b0ae-4c39-9abd-0f1467be67a4}",
            "string": "{bc26b27e-89de-4a6b-a9f2-b26c0bd84cc2}"
        }
    ],
    "defaultLanguage": "{77ea173c-b0ae-4c39-9abd-0f1467be67a4}",
    "encoding": "ASCII",
    "languages": [
        {
            "properties": {
                "__categories": [
                ],
                "__groups": [
                ],
                "enabled": {
                    "enabled": true,
                    "type": "boolean",
                    "value": true,
                    "visible": true
                },
                "id": {
                    "enabled": true,
                    "type": "uuid",
                    "value": "{77ea173c-b0ae-4c39-9abd-0f1467be67a4}",
                    "visible": true
                },
                "name": {
                    "enabled": true,
                    "type": "text",
                    "value": "Default",
                    "visible": true
                }
            }
        }
    ],
    "paths": [
    ],
    "strings": [
        {
            "properties": {
                "__categories": [
                ],
                "__groups": [
                ],
                "description": {
                    "enabled": true,
                    "type": "text",
                    "value": "",
                    "visible": true
                },
                "id": {
                    "enabled": true,
                    "type": "uuid",
                    "value": "{029a65e7-8a54-4011-97f9-68596f8af81d}",
                    "visible": true
                },
                "name": {
                    "enabled": true,
                    "type": "text",
                    "value": "option",
                    "visible": true
                },
                "path": {
                    "enabled": true,
                    "type": "text",
                    "value": "/",
                    "visible": true
                }
            },
            "values": [
                {
                    "language": "{77ea173c-b0ae-4c39-9abd-0f1467be67a4}",
                    "value": "Options"
                }
            ]
        },
        {
            "properties": {
                "__categories": [
                ],
                "__groups": [
                ],
                "description": {
                    "enabled": true,
                    "type": "text",
                    "value": "",
                    "visible": true
                },
                "id": {
                    "enabled": true,
                    "type": "uuid",
                    "value": "{092cb2db-6ab1-4a1a-b434-562fa78292d2}",
                    "visible": true
                },
                "name": {
                    "enabled": true,
                    "type": "text",
                    "value": "program",
                    "visible": true
                },
                "path": {
                    "enabled": true,
                    "type": "text",
                    "value": "/",
                    "visible": true
                }
            },
            "values": [
                {
                    "language": "{77ea173c-b0ae-4c39-9abd-0f1467be67a4}",
                    "value": "Program"
                }
            ]
        },
        {
            "properties": {
                "__categories": [
                ],
                "__groups": [
                ],
                "description": {
                    "enabled": true,
                    "type": "text",
                    "value": "",
                    "visible": true
                },
                "id": {
                    "enabled": true,
                    "type": "uuid",
                    "value": "{58487951-4a54-49f3-a61b-345a55eccdab}",
                    "visible": true
                },
                "name": {
                    "enabled": true,
                    "type": "text",
                    "value": "temperature",
                    "visible": true
                },
                "path": {
                    "enabled": true,
                    "type": "text",
                    "value": "/",
                    "visible": true
                }
            },
            "values": [
                {
                    "language": "{77ea173c-b0ae-4c39-9abd-0f1467be67a4}",
                    "value": "Temperature"
                }
            ]
        },
        {
            "properties": {
                "__categories": [
                ],
                "__groups": [
                ],
                "description": {
                    "enabled": true,
                    "type": "text",
                    "value": "",
                    "visible": true
                },
                "id": {
                    "enabled": true,
                    "type": "uuid",
                    "value": "{bc26b27e-89de-4a6b-a9f2-b26c0bd84cc2}",
                    "visible": true
                },
                "name": {
                    "enabled": true,
                    "type": "text",
                    "value": "soil",
                    "visible": true
                },
                "path": {
                    "enabled": true,
                    "type": "text",
                    "value": "/",
                    "visible": true
                }
            },
            "values": [
                {
                    "language": "{77ea173c-b0ae-4c39-9abd-0f1467be67a4}",
                    "value": "Soil Level"
                }
            ]
        }
    ]
}
