{
    "bindings": [
        {
            "font": "{0a92c4ea-20f0-4029-82b3-24dd38d1e3c3}",
            "language": "{911e512f-e5c1-4173-9aa3-84ea981ee470}",
            "string": "{0891fe16-1051-41dd-9d35-e06bd79f0368}"
        },
        {
            "font": "{0a92c4ea-20f0-4029-82b3-24dd38d1e3c3}",
            "language": "{911e512f-e5c1-4173-9aa3-84ea981ee470}",
            "string": "{815e06b3-8f29-47fe-ad7f-6c6db9c5259d}"
        },
        {
            "font": "{0a92c4ea-20f0-4029-82b3-24dd38d1e3c3}",
            "language": "{911e512f-e5c1-4173-9aa3-84ea981ee470}",
            "string": "{b021ebe1-45b2-484b-b6ef-0f9720204bff}"
        },
        {
            "font": "{0a92c4ea-20f0-4029-82b3-24dd38d1e3c3}",
            "language": "{911e512f-e5c1-4173-9aa3-84ea981ee470}",
            "string": "{c0ae3ade-9201-4ee9-8c9c-0a6b2b670351}"
        }
    ],
    "defaultLanguage": "{911e512f-e5c1-4173-9aa3-84ea981ee470}",
    "encoding": "ASCII",
    "languages": [
        {
            "properties": {
                "__categories": [
                ],
                "__groups": [
                ],
                "enabled": {
                    "enabled": true,
                    "type": "boolean",
                    "value": true,
                    "visible": true
                },
                "id": {
                    "enabled": true,
                    "type": "uuid",
                    "value": "{911e512f-e5c1-4173-9aa3-84ea981ee470}",
                    "visible": true
                },
                "name": {
                    "enabled": true,
                    "type": "text",
                    "value": "Default",
                    "visible": true
                }
            }
        }
    ],
    "paths": [
    ],
    "strings": [
        {
            "properties": {
                "__categories": [
                ],
                "__groups": [
                ],
                "description": {
                    "enabled": true,
                    "type": "text",
                    "value": "",
                    "visible": true
                },
                "id": {
                    "enabled": true,
                    "type": "uuid",
                    "value": "{0891fe16-1051-41dd-9d35-e06bd79f0368}",
                    "visible": true
                },
                "name": {
                    "enabled": true,
                    "type": "text",
                    "value": "soil",
                    "visible": true
                },
                "path": {
                    "enabled": true,
                    "type": "text",
                    "value": "/",
                    "visible": true
                }
            },
            "values": [
                {
                    "language": "{911e512f-e5c1-4173-9aa3-84ea981ee470}",
                    "value": "Soil Level"
                }
            ]
        },
        {
            "properties": {
                "__categories": [
                ],
                "__groups": [
                ],
                "description": {
                    "enabled": true,
                    "type": "text",
                    "value": "",
                    "visible": true
                },
                "id": {
                    "enabled": true,
                    "type": "uuid",
                    "value": "{815e06b3-8f29-47fe-ad7f-6c6db9c5259d}",
                    "visible": true
                },
                "name": {
                    "enabled": true,
                    "type": "text",
                    "value": "options",
                    "visible": true
                },
                "path": {
                    "enabled": true,
                    "type": "text",
                    "value": "/",
                    "visible": true
                }
            },
            "values": [
                {
                    "language": "{911e512f-e5c1-4173-9aa3-84ea981ee470}",
                    "value": "Options"
                }
            ]
        },
        {
            "properties": {
                "__categories": [
                ],
                "__groups": [
                ],
                "description": {
                    "enabled": true,
                    "type": "text",
                    "value": "",
                    "visible": true
                },
                "id": {
                    "enabled": true,
                    "type": "uuid",
                    "value": "{b021ebe1-45b2-484b-b6ef-0f9720204bff}",
                    "visible": true
                },
                "name": {
                    "enabled": true,
                    "type": "text",
                    "value": "program",
                    "visible": true
                },
                "path": {
                    "enabled": true,
                    "type": "text",
                    "value": "/",
                    "visible": true
                }
            },
            "values": [
                {
                    "language": "{911e512f-e5c1-4173-9aa3-84ea981ee470}",
                    "value": "Program"
                }
            ]
        },
        {
            "properties": {
                "__categories": [
                ],
                "__groups": [
                ],
                "description": {
                    "enabled": true,
                    "type": "text",
                    "value": "",
                    "visible": true
                },
                "id": {
                    "enabled": true,
                    "type": "uuid",
                    "value": "{c0ae3ade-9201-4ee9-8c9c-0a6b2b670351}",
                    "visible": true
                },
                "name": {
                    "enabled": true,
                    "type": "text",
                    "value": "temperature",
                    "visible": true
                },
                "path": {
                    "enabled": true,
                    "type": "text",
                    "value": "/",
                    "visible": true
                }
            },
            "values": [
                {
                    "language": "{911e512f-e5c1-4173-9aa3-84ea981ee470}",
                    "value": "Temperature"
                }
            ]
        }
    ]
}
