{
    "bindings": [
        {
            "font": "{6d250cb4-a4c4-46c0-8d18-bd4f1203f0b3}",
            "language": "{911e512f-e5c1-4173-9aa3-84ea981ee470}",
            "string": "{0891fe16-1051-41dd-9d35-e06bd79f0368}"
        },
        {
            "font": "{6d250cb4-a4c4-46c0-8d18-bd4f1203f0b3}",
            "language": "{911e512f-e5c1-4173-9aa3-84ea981ee470}",
            "string": "{30be71c0-1ba2-4358-aa97-d33dca85492b}"
        },
        {
            "font": "{6d250cb4-a4c4-46c0-8d18-bd4f1203f0b3}",
            "language": "{911e512f-e5c1-4173-9aa3-84ea981ee470}",
            "string": "{39eb47c4-8337-4df8-8e8f-f4292b337ce5}"
        },
        {
            "font": "{6d250cb4-a4c4-46c0-8d18-bd4f1203f0b3}",
            "language": "{911e512f-e5c1-4173-9aa3-84ea981ee470}",
            "string": "{43014cb4-c504-442a-b661-34356e62b844}"
        },
        {
            "font": "{6d250cb4-a4c4-46c0-8d18-bd4f1203f0b3}",
            "language": "{911e512f-e5c1-4173-9aa3-84ea981ee470}",
            "string": "{449d8cc6-5c5b-4b46-ac97-2a1a73536833}"
        },
        {
            "font": "{6d250cb4-a4c4-46c0-8d18-bd4f1203f0b3}",
            "language": "{911e512f-e5c1-4173-9aa3-84ea981ee470}",
            "string": "{5f5d1907-c563-4f7a-894a-1192120f1332}"
        },
        {
            "font": "{6d250cb4-a4c4-46c0-8d18-bd4f1203f0b3}",
            "language": "{911e512f-e5c1-4173-9aa3-84ea981ee470}",
            "string": "{6033de23-8daa-4d41-834a-563eae358979}"
        },
        {
            "font": "{6d250cb4-a4c4-46c0-8d18-bd4f1203f0b3}",
            "language": "{911e512f-e5c1-4173-9aa3-84ea981ee470}",
            "string": "{757a1a1a-f48a-423b-9d87-059a4c231bf4}"
        },
        {
            "font": "{6d250cb4-a4c4-46c0-8d18-bd4f1203f0b3}",
            "language": "{911e512f-e5c1-4173-9aa3-84ea981ee470}",
            "string": "{759dd253-4913-4032-b85d-3f50ae651f3b}"
        },
        {
            "font": "{6d250cb4-a4c4-46c0-8d18-bd4f1203f0b3}",
            "language": "{911e512f-e5c1-4173-9aa3-84ea981ee470}",
            "string": "{815e06b3-8f29-47fe-ad7f-6c6db9c5259d}"
        },
        {
            "font": "{6d250cb4-a4c4-46c0-8d18-bd4f1203f0b3}",
            "language": "{911e512f-e5c1-4173-9aa3-84ea981ee470}",
            "string": "{9bf28aaa-fb43-4599-a54a-fd324ef8f39f}"
        },
        {
            "font": "{6d250cb4-a4c4-46c0-8d18-bd4f1203f0b3}",
            "language": "{911e512f-e5c1-4173-9aa3-84ea981ee470}",
            "string": "{abed853e-7de3-4e77-a1bd-3e874308f841}"
        },
        {
            "font": "{6d250cb4-a4c4-46c0-8d18-bd4f1203f0b3}",
            "language": "{911e512f-e5c1-4173-9aa3-84ea981ee470}",
            "string": "{b021ebe1-45b2-484b-b6ef-0f9720204bff}"
        },
        {
            "font": "{6d250cb4-a4c4-46c0-8d18-bd4f1203f0b3}",
            "language": "{911e512f-e5c1-4173-9aa3-84ea981ee470}",
            "string": "{c0ae3ade-9201-4ee9-8c9c-0a6b2b670351}"
        },
        {
            "font": "{6d250cb4-a4c4-46c0-8d18-bd4f1203f0b3}",
            "language": "{911e512f-e5c1-4173-9aa3-84ea981ee470}",
            "string": "{f863fb71-8e9f-49a6-8988-88cf5680f84b}"
        }
    ],
    "defaultLanguage": "{911e512f-e5c1-4173-9aa3-84ea981ee470}",
    "encoding": "ASCII",
    "languages": [
        {
            "properties": {
                "__categories": [
                ],
                "__groups": [
                ],
                "enabled": {
                    "enabled": true,
                    "type": "boolean",
                    "value": true,
                    "visible": true
                },
                "id": {
                    "enabled": true,
                    "type": "uuid",
                    "value": "{911e512f-e5c1-4173-9aa3-84ea981ee470}",
                    "visible": true
                },
                "name": {
                    "enabled": true,
                    "type": "text",
                    "value": "Default",
                    "visible": true
                }
            }
        }
    ],
    "paths": [
    ],
    "strings": [
        {
            "properties": {
                "__categories": [
                ],
                "__groups": [
                ],
                "description": {
                    "enabled": true,
                    "type": "text",
                    "value": "",
                    "visible": true
                },
                "id": {
                    "enabled": true,
                    "type": "uuid",
                    "value": "{0891fe16-1051-41dd-9d35-e06bd79f0368}",
                    "visible": true
                },
                "name": {
                    "enabled": true,
                    "type": "text",
                    "value": "soil",
                    "visible": true
                },
                "path": {
                    "enabled": true,
                    "type": "text",
                    "value": "/",
                    "visible": true
                }
            },
            "values": [
                {
                    "language": "{911e512f-e5c1-4173-9aa3-84ea981ee470}",
                    "value": "Soil Level"
                }
            ]
        },
        {
            "properties": {
                "__categories": [
                ],
                "__groups": [
                ],
                "description": {
                    "enabled": true,
                    "type": "text",
                    "value": "",
                    "visible": true
                },
                "id": {
                    "enabled": true,
                    "type": "uuid",
                    "value": "{30be71c0-1ba2-4358-aa97-d33dca85492b}",
                    "visible": true
                },
                "name": {
                    "enabled": true,
                    "type": "text",
                    "value": "WarmTemp",
                    "visible": true
                },
                "path": {
                    "enabled": true,
                    "type": "text",
                    "value": "/",
                    "visible": true
                }
            },
            "values": [
                {
                    "language": "{911e512f-e5c1-4173-9aa3-84ea981ee470}",
                    "value": "Warm"
                }
            ]
        },
        {
            "properties": {
                "__categories": [
                ],
                "__groups": [
                ],
                "description": {
                    "enabled": true,
                    "type": "text",
                    "value": "",
                    "visible": true
                },
                "id": {
                    "enabled": true,
                    "type": "uuid",
                    "value": "{39eb47c4-8337-4df8-8e8f-f4292b337ce5}",
                    "visible": true
                },
                "name": {
                    "enabled": true,
                    "type": "text",
                    "value": "BedProg",
                    "visible": true
                },
                "path": {
                    "enabled": true,
                    "type": "text",
                    "value": "/",
                    "visible": true
                }
            },
            "values": [
                {
                    "language": "{911e512f-e5c1-4173-9aa3-84ea981ee470}",
                    "value": "Bedding"
                }
            ]
        },
        {
            "properties": {
                "__categories": [
                ],
                "__groups": [
                ],
                "description": {
                    "enabled": true,
                    "type": "text",
                    "value": "",
                    "visible": true
                },
                "id": {
                    "enabled": true,
                    "type": "uuid",
                    "value": "{43014cb4-c504-442a-b661-34356e62b844}",
                    "visible": true
                },
                "name": {
                    "enabled": true,
                    "type": "text",
                    "value": "WoolProg",
                    "visible": true
                },
                "path": {
                    "enabled": true,
                    "type": "text",
                    "value": "/",
                    "visible": true
                }
            },
            "values": [
                {
                    "language": "{911e512f-e5c1-4173-9aa3-84ea981ee470}",
                    "value": "Wool"
                }
            ]
        },
        {
            "properties": {
                "__categories": [
                ],
                "__groups": [
                ],
                "description": {
                    "enabled": true,
                    "type": "text",
                    "value": "",
                    "visible": true
                },
                "id": {
                    "enabled": true,
                    "type": "uuid",
                    "value": "{449d8cc6-5c5b-4b46-ac97-2a1a73536833}",
                    "visible": true
                },
                "name": {
                    "enabled": true,
                    "type": "text",
                    "value": "HotTemp",
                    "visible": true
                },
                "path": {
                    "enabled": true,
                    "type": "text",
                    "value": "/",
                    "visible": true
                }
            },
            "values": [
                {
                    "language": "{911e512f-e5c1-4173-9aa3-84ea981ee470}",
                    "value": "Hot"
                }
            ]
        },
        {
            "properties": {
                "__categories": [
                ],
                "__groups": [
                ],
                "description": {
                    "enabled": true,
                    "type": "text",
                    "value": "",
                    "visible": true
                },
                "id": {
                    "enabled": true,
                    "type": "uuid",
                    "value": "{5f5d1907-c563-4f7a-894a-1192120f1332}",
                    "visible": true
                },
                "name": {
                    "enabled": true,
                    "type": "text",
                    "value": "SportsProg",
                    "visible": true
                },
                "path": {
                    "enabled": true,
                    "type": "text",
                    "value": "/",
                    "visible": true
                }
            },
            "values": [
                {
                    "language": "{911e512f-e5c1-4173-9aa3-84ea981ee470}",
                    "value": "Sports"
                }
            ]
        },
        {
            "properties": {
                "__categories": [
                ],
                "__groups": [
                ],
                "description": {
                    "enabled": true,
                    "type": "text",
                    "value": "",
                    "visible": true
                },
                "id": {
                    "enabled": true,
                    "type": "uuid",
                    "value": "{6033de23-8daa-4d41-834a-563eae358979}",
                    "visible": true
                },
                "name": {
                    "enabled": true,
                    "type": "text",
                    "value": "NormalProg",
                    "visible": true
                },
                "path": {
                    "enabled": true,
                    "type": "text",
                    "value": "/",
                    "visible": true
                }
            },
            "values": [
                {
                    "language": "{911e512f-e5c1-4173-9aa3-84ea981ee470}",
                    "value": "Normal"
                }
            ]
        },
        {
            "properties": {
                "__categories": [
                ],
                "__groups": [
                ],
                "description": {
                    "enabled": true,
                    "type": "text",
                    "value": "",
                    "visible": true
                },
                "id": {
                    "enabled": true,
                    "type": "uuid",
                    "value": "{757a1a1a-f48a-423b-9d87-059a4c231bf4}",
                    "visible": true
                },
                "name": {
                    "enabled": true,
                    "type": "text",
                    "value": "Start",
                    "visible": true
                },
                "path": {
                    "enabled": true,
                    "type": "text",
                    "value": "/",
                    "visible": true
                }
            },
            "values": [
                {
                    "language": "{911e512f-e5c1-4173-9aa3-84ea981ee470}",
                    "value": "START"
                }
            ]
        },
        {
            "properties": {
                "__categories": [
                ],
                "__groups": [
                ],
                "description": {
                    "enabled": true,
                    "type": "text",
                    "value": "",
                    "visible": true
                },
                "id": {
                    "enabled": true,
                    "type": "uuid",
                    "value": "{759dd253-4913-4032-b85d-3f50ae651f3b}",
                    "visible": true
                },
                "name": {
                    "enabled": true,
                    "type": "text",
                    "value": "ColdTemp",
                    "visible": true
                },
                "path": {
                    "enabled": true,
                    "type": "text",
                    "value": "/",
                    "visible": true
                }
            },
            "values": [
                {
                    "language": "{911e512f-e5c1-4173-9aa3-84ea981ee470}",
                    "value": "Cold"
                }
            ]
        },
        {
            "properties": {
                "__categories": [
                ],
                "__groups": [
                ],
                "description": {
                    "enabled": true,
                    "type": "text",
                    "value": "",
                    "visible": true
                },
                "id": {
                    "enabled": true,
                    "type": "uuid",
                    "value": "{815e06b3-8f29-47fe-ad7f-6c6db9c5259d}",
                    "visible": true
                },
                "name": {
                    "enabled": true,
                    "type": "text",
                    "value": "options",
                    "visible": true
                },
                "path": {
                    "enabled": true,
                    "type": "text",
                    "value": "/",
                    "visible": true
                }
            },
            "values": [
                {
                    "language": "{911e512f-e5c1-4173-9aa3-84ea981ee470}",
                    "value": "Options"
                }
            ]
        },
        {
            "properties": {
                "__categories": [
                ],
                "__groups": [
                ],
                "description": {
                    "enabled": true,
                    "type": "text",
                    "value": "",
                    "visible": true
                },
                "id": {
                    "enabled": true,
                    "type": "uuid",
                    "value": "{9bf28aaa-fb43-4599-a54a-fd324ef8f39f}",
                    "visible": true
                },
                "name": {
                    "enabled": true,
                    "type": "text",
                    "value": "HighSoilLevel",
                    "visible": true
                },
                "path": {
                    "enabled": true,
                    "type": "text",
                    "value": "/",
                    "visible": true
                }
            },
            "values": [
                {
                    "language": "{911e512f-e5c1-4173-9aa3-84ea981ee470}",
                    "value": "High"
                }
            ]
        },
        {
            "properties": {
                "__categories": [
                ],
                "__groups": [
                ],
                "description": {
                    "enabled": true,
                    "type": "text",
                    "value": "",
                    "visible": true
                },
                "id": {
                    "enabled": true,
                    "type": "uuid",
                    "value": "{abed853e-7de3-4e77-a1bd-3e874308f841}",
                    "visible": true
                },
                "name": {
                    "enabled": true,
                    "type": "text",
                    "value": "MediumSoilLevel",
                    "visible": true
                },
                "path": {
                    "enabled": true,
                    "type": "text",
                    "value": "/",
                    "visible": true
                }
            },
            "values": [
                {
                    "language": "{911e512f-e5c1-4173-9aa3-84ea981ee470}",
                    "value": "Medium"
                }
            ]
        },
        {
            "properties": {
                "__categories": [
                ],
                "__groups": [
                ],
                "description": {
                    "enabled": true,
                    "type": "text",
                    "value": "",
                    "visible": true
                },
                "id": {
                    "enabled": true,
                    "type": "uuid",
                    "value": "{b021ebe1-45b2-484b-b6ef-0f9720204bff}",
                    "visible": true
                },
                "name": {
                    "enabled": true,
                    "type": "text",
                    "value": "program",
                    "visible": true
                },
                "path": {
                    "enabled": true,
                    "type": "text",
                    "value": "/",
                    "visible": true
                }
            },
            "values": [
                {
                    "language": "{911e512f-e5c1-4173-9aa3-84ea981ee470}",
                    "value": "Program"
                }
            ]
        },
        {
            "properties": {
                "__categories": [
                ],
                "__groups": [
                ],
                "description": {
                    "enabled": true,
                    "type": "text",
                    "value": "",
                    "visible": true
                },
                "id": {
                    "enabled": true,
                    "type": "uuid",
                    "value": "{c0ae3ade-9201-4ee9-8c9c-0a6b2b670351}",
                    "visible": true
                },
                "name": {
                    "enabled": true,
                    "type": "text",
                    "value": "temperature",
                    "visible": true
                },
                "path": {
                    "enabled": true,
                    "type": "text",
                    "value": "/",
                    "visible": true
                }
            },
            "values": [
                {
                    "language": "{911e512f-e5c1-4173-9aa3-84ea981ee470}",
                    "value": "Temperature"
                }
            ]
        },
        {
            "properties": {
                "__categories": [
                ],
                "__groups": [
                ],
                "description": {
                    "enabled": true,
                    "type": "text",
                    "value": "",
                    "visible": true
                },
                "id": {
                    "enabled": true,
                    "type": "uuid",
                    "value": "{f863fb71-8e9f-49a6-8988-88cf5680f84b}",
                    "visible": true
                },
                "name": {
                    "enabled": true,
                    "type": "text",
                    "value": "LowSoilLevel",
                    "visible": true
                },
                "path": {
                    "enabled": true,
                    "type": "text",
                    "value": "/",
                    "visible": true
                }
            },
            "values": [
                {
                    "language": "{911e512f-e5c1-4173-9aa3-84ea981ee470}",
                    "value": "Low"
                }
            ]
        }
    ]
}
