{
    "images": [
        {
            "id": "{3f7d8c78-8110-4d58-b7a4-9c95a6cc4328}",
            "name": "close",
            "type": "RGB"
        },
        {
            "id": "{765c8229-5d92-4b33-895b-a9bec49c9ed1}",
            "name": "prewash_but_off",
            "type": "RGB"
        },
        {
            "id": "{cb845464-2721-4fa3-a95c-da66ac9a10f1}",
            "name": "prewash_but_on",
            "type": "RGB"
        },
        {
            "id": "{f53cb612-2f8b-4aaa-9197-3111121250bc}",
            "name": "bed_but_down",
            "type": "RGB"
        },
        {
            "id": "{0bf3baa0-0c05-434f-b99b-3012d9005e8e}",
            "name": "bed_but_up",
            "type": "RGB"
        },
        {
            "id": "{549cc47f-b05f-405e-a572-976c9cf6eb1b}",
            "name": "normal_but_down",
            "type": "RGB"
        },
        {
            "id": "{06b1492e-67e2-4ce4-b6b5-15e78a7b3360}",
            "name": "normal_but_up",
            "type": "RGB"
        },
        {
            "id": "{d1e0e9b2-0d32-4725-8b71-2e3276a9c2b3}",
            "name": "sports_but_down",
            "type": "RGB"
        },
        {
            "id": "{021c2842-7d15-455b-becf-9116a91760a3}",
            "name": "sports_but_up",
            "type": "RGB"
        },
        {
            "id": "{f1ea7536-dfd7-4789-a9f5-7f001ee933bd}",
            "name": "wool_but_down",
            "type": "RGB"
        },
        {
            "id": "{c080b475-e786-430e-886a-fb71f3a2e8e7}",
            "name": "wool_but_up",
            "type": "RGB"
        },
        {
            "id": "{93cb6188-7616-407c-b5b1-3bb01795b041}",
            "name": "high_but_down",
            "type": "RGB"
        },
        {
            "id": "{8c9fa389-1ee4-4a58-abef-d599dc30bf19}",
            "name": "high_but_up",
            "type": "RGB"
        },
        {
            "id": "{a1911b13-1f44-4f13-8bc0-5a78665e145b}",
            "name": "low_but_down",
            "type": "RGB"
        },
        {
            "id": "{2ba21743-4583-4941-bf32-6b306761d1ec}",
            "name": "low_but_up",
            "type": "RGB"
        },
        {
            "id": "{3ab64dcb-7ea0-4653-a17c-bbe50f556d9c}",
            "name": "medium_but_down",
            "type": "RGB"
        },
        {
            "id": "{0665d622-4ba1-4036-b7cf-346f9c46c33f}",
            "name": "medium_but_up",
            "type": "RGB"
        },
        {
            "id": "{bd7ac829-1b2e-4610-8a4b-f364536c96e0}",
            "name": "cold_but_down",
            "type": "RGB"
        },
        {
            "id": "{e57a5069-bdc5-4cd4-b431-59ba35166dc6}",
            "name": "cold_but_up",
            "type": "RGB"
        },
        {
            "id": "{c60680f0-93e4-42d1-b707-3d500e99f624}",
            "name": "hot_but_down",
            "type": "RGB"
        },
        {
            "id": "{a53e4c0f-294b-4759-9740-ee3c3f90efbb}",
            "name": "hot_but_up",
            "type": "RGB"
        },
        {
            "id": "{285be8fd-30cb-4dab-a3e0-10a2dbecaeee}",
            "name": "warm_but_down",
            "type": "RGB"
        },
        {
            "id": "{52bbcede-b403-45b5-96fa-dd72ba533504}",
            "name": "warm_but_up",
            "type": "RGB"
        },
        {
            "id": "{e34d961a-cf66-4f3f-890f-1b2a2fe3dcf3}",
            "name": "start_but_down",
            "type": "RGB"
        },
        {
            "id": "{8bc4bb97-2279-4ba6-b610-9d34f473e792}",
            "name": "start_but_up",
            "type": "RGB"
        },
        {
            "id": "{d07b2a1b-871f-4b6d-bb89-90f8bffdfdbb}",
            "name": "PreWash0",
            "type": "RGB"
        },
        {
            "id": "{099be743-faeb-49d9-9086-9a727e63a7f7}",
            "name": "PreWash1",
            "type": "RGB"
        },
        {
            "id": "{59e32b5f-3009-4562-a1fc-b9ab25e919c6}",
            "name": "PreWash2",
            "type": "RGB"
        },
        {
            "id": "{0dca293a-c6c6-4d86-9fe3-c3f043fb0227}",
            "name": "PreWash3",
            "type": "RGB"
        },
        {
            "id": "{7a3cccca-d78a-4ede-a5aa-e41d4c202d41}",
            "name": "Rinse0",
            "type": "RGB"
        },
        {
            "id": "{0c616671-2801-4dc2-a50c-ff133c98db27}",
            "name": "Rinse1",
            "type": "RGB"
        },
        {
            "id": "{0ec05cd2-8c5b-475f-85b2-765b7eb459cd}",
            "name": "Rinse2",
            "type": "RGB"
        },
        {
            "id": "{1d09bcbf-aeba-4075-9ce6-b80f6886e228}",
            "name": "Rinse3",
            "type": "RGB"
        },
        {
            "id": "{8c90d6b3-1a8a-48b9-98b6-04e95bdf591e}",
            "name": "round_button",
            "type": "RGB"
        },
        {
            "id": "{6b9c85f2-157f-419e-a3ff-c99a88c87152}",
            "name": "round_exit",
            "type": "RGB"
        },
        {
            "id": "{dfbd2fe5-d27c-4aaf-88cf-0e7a70342fb4}",
            "name": "Spin0",
            "type": "RGB"
        },
        {
            "id": "{6e0d0d07-571b-4d0a-b126-73646988ec46}",
            "name": "Spin1",
            "type": "RGB"
        },
        {
            "id": "{4e15fc17-9bea-4817-921d-b47aa96799c1}",
            "name": "Spin2",
            "type": "RGB"
        },
        {
            "id": "{2c26d6d5-20d3-4d9e-8ed7-954afc23e6d4}",
            "name": "Spin3",
            "type": "RGB"
        },
        {
            "id": "{a4698824-249e-4028-9469-bc6b1e40a8b5}",
            "name": "Wash0",
            "type": "RGB"
        },
        {
            "id": "{3b046a47-6653-435b-a927-92ebfbe713af}",
            "name": "Wash1",
            "type": "RGB"
        },
        {
            "id": "{ad5fbfa0-e5b4-4d47-9c4d-48666faf259b}",
            "name": "Wash2",
            "type": "RGB"
        },
        {
            "id": "{10d9e6f1-6014-4a6f-9e56-da22a9665b1d}",
            "name": "Wash3",
            "type": "RGB"
        },
        {
            "id": "{2103e8eb-8d3a-4b3b-aa42-52c507db56a3}",
            "name": "image1",
            "type": "RGB"
        },
        {
            "id": "{1082b6d7-2312-401b-a6ea-a56480a1c3d2}",
            "name": "image2",
            "type": "RGB"
        },
        {
            "id": "{1b52abea-9ff9-41ee-bab2-7f669eb2cc7f}",
            "name": "image3",
            "type": "RGB"
        },
        {
            "id": "{00aa21e8-fa56-48e9-9a0b-bbbb43d6de1b}",
            "name": "image4",
            "type": "RGB"
        },
        {
            "id": "{8a8108ba-325c-42ed-8780-58e7a2bd63ef}",
            "name": "image5",
            "type": "RGB"
        },
        {
            "id": "{2dc1314a-b15b-4cba-81b7-70ece9f3daec}",
            "name": "image6",
            "type": "RGB"
        },
        {
            "id": "{721fdff1-aec4-4ea3-8ae5-a67e8c1f72a2}",
            "name": "image7",
            "type": "RGB"
        },
        {
            "id": "{9d715d98-f4aa-4dd4-a626-7759ff7d9f1b}",
            "name": "image8",
            "type": "RGB"
        },
        {
            "id": "{d85b9436-4d6c-4e8f-90d7-da810c372250}",
            "name": "image9",
            "type": "RGB"
        },
        {
            "id": "{7b869355-cbff-4629-a90b-e90fbbbdfc2e}",
            "name": "image10",
            "type": "RGB"
        },
        {
            "id": "{bae3f211-a7df-4fc4-ae9e-a4c4e86631da}",
            "name": "image11",
            "type": "RGB"
        },
        {
            "id": "{8c2e668e-d44c-4d0b-b564-e84eb681119a}",
            "name": "image12",
            "type": "RGB"
        },
        {
            "id": "{502a078a-1fc9-4353-b623-a95ac9a6794c}",
            "name": "r1",
            "type": "RGB"
        },
        {
            "id": "{608e12b2-4c8d-4381-82d5-da1885bca393}",
            "name": "r2",
            "type": "RGB"
        },
        {
            "id": "{ab37ad8f-7e6c-406c-8c1a-a7765805156f}",
            "name": "r3",
            "type": "RGB"
        },
        {
            "id": "{9b0eb55a-d791-445d-8bfa-4734b586b8fb}",
            "name": "r4",
            "type": "RGB"
        },
        {
            "id": "{0974bbca-e568-4a1f-8a28-b47ec6fe24ce}",
            "name": "r5",
            "type": "RGB"
        },
        {
            "id": "{716f7867-eb76-4d2d-9317-8ba9dab641ed}",
            "name": "r6",
            "type": "RGB"
        },
        {
            "id": "{8f95fe7e-9b9f-40f5-99ad-2ba7830aadce}",
            "name": "r7",
            "type": "RGB"
        },
        {
            "id": "{b42dacc7-9dc2-4cff-a7a5-82331d2cb4dd}",
            "name": "r8",
            "type": "RGB"
        },
        {
            "id": "{76ed2ce7-0b3f-4bd5-89db-43305243d930}",
            "name": "r9",
            "type": "RGB"
        },
        {
            "id": "{6c106b57-5852-4b8f-aaac-3612c1cb1fd7}",
            "name": "r10",
            "type": "RGB"
        },
        {
            "id": "{d9dca88f-3e20-4aa4-bb45-2ea5baa272dd}",
            "name": "r11",
            "type": "RGB"
        },
        {
            "id": "{55542e59-8073-4fc5-b6bc-9a167d5804d0}",
            "name": "r12",
            "type": "RGB"
        },
        {
            "id": "{3cd2e150-0e1c-45a8-8b80-340b5cb4b586}",
            "name": "xrinse_but_off",
            "type": "RGB"
        },
        {
            "id": "{ab007040-5dc5-43be-a4ef-c030a69b4774}",
            "name": "xrinse_but_on",
            "type": "RGB"
        },
        {
            "id": "{277cf336-741e-4da2-bf16-b52787301428}",
            "name": "sound_but_off",
            "type": "RGB"
        },
        {
            "id": "{18e74749-d67d-4905-af2b-43279d61cea8}",
            "name": "sound_but_on",
            "type": "RGB"
        },
        {
            "id": "{dbcb9c1b-5843-4df8-a8c6-f81b439d31c5}",
            "name": "template",
            "type": "RGB"
        },
        {
            "id": "{08e9b1b8-3f97-4387-9795-9b43d5940822}",
            "name": "logoH",
            "type": "RGB"
        },
        {
            "id": "{be7274c7-2c19-4507-b0c5-bd3cc6335583}",
            "name": "options_but_down",
            "type": "RGB"
        },
        {
            "id": "{ca5dfd2b-2039-45a8-8225-1dc0b53f79b2}",
            "name": "options_but_up",
            "type": "RGB"
        }
    ],
    "paths": [
    ]
}
