{
    "images": [
        {
            "id": "{1f616481-7fb6-4b6a-b076-2f8aac078962}",
            "name": "logoH",
            "type": "RGB"
        },
        {
            "id": "{8aa9bc65-074d-4f91-ab4a-a074ed6780a6}",
            "name": "template",
            "type": "RGB"
        },
        {
            "id": "{69575fc8-ec94-4679-8a82-a268125369d2}",
            "name": "image1",
            "type": "RGB"
        },
        {
            "id": "{c65da1dd-232e-41b9-bd84-f7eb850141d6}",
            "name": "image2",
            "type": "RGB"
        },
        {
            "id": "{4c27bb23-797e-4a45-a683-55caf17df3c4}",
            "name": "image3",
            "type": "RGB"
        },
        {
            "id": "{24a2caef-4ab9-49db-9717-d5d5fa5ae087}",
            "name": "image4",
            "type": "RGB"
        },
        {
            "id": "{aff36b15-afc7-4f4d-8431-ac59c296e054}",
            "name": "image5",
            "type": "RGB"
        },
        {
            "id": "{c9e398bc-6c6a-49b4-b464-9a3d52e9fe17}",
            "name": "image6",
            "type": "RGB"
        },
        {
            "id": "{f8db077a-3e1d-4838-82bb-5d34e463f258}",
            "name": "image7",
            "type": "RGB"
        },
        {
            "id": "{35854e3b-fcba-40a8-8a18-c1a30fe3df94}",
            "name": "image8",
            "type": "RGB"
        },
        {
            "id": "{760a965d-3fe0-4b51-8dbb-7debcd3e8a45}",
            "name": "image9",
            "type": "RGB"
        },
        {
            "id": "{2bc5f1b1-66a3-4ef1-a239-02a371c0dd54}",
            "name": "image10",
            "type": "RGB"
        },
        {
            "id": "{5cb42fc6-0167-4a9f-ae46-bc462d0afc79}",
            "name": "image11",
            "type": "RGB"
        },
        {
            "id": "{e09ee5db-9cbe-4a36-a409-854e8d2cfa4b}",
            "name": "image12",
            "type": "RGB"
        },
        {
            "id": "{38e95a35-3a96-4dbf-90e1-59301b87d994}",
            "name": "image13",
            "type": "RGB"
        },
        {
            "id": "{36367e0b-fccf-4bfd-8ad9-de461e24669f}",
            "name": "image14",
            "type": "RGB"
        },
        {
            "id": "{2b732a15-6a55-4930-a19d-964d971a7918}",
            "name": "image15",
            "type": "RGB"
        },
        {
            "id": "{88b1f392-8ccc-482e-a698-9c152611d3f1}",
            "name": "image16",
            "type": "RGB"
        },
        {
            "id": "{c3af82ed-8284-4e78-a391-964fa82ceadb}",
            "name": "image17",
            "type": "RGB"
        },
        {
            "id": "{f54348ce-3ebb-4c8d-93b6-70feba9b2b95}",
            "name": "image18",
            "type": "RGB"
        },
        {
            "id": "{d666d992-325d-48eb-a6e9-e91fe8ee8477}",
            "name": "image19",
            "type": "RGB"
        },
        {
            "id": "{64994d3b-1db4-4538-aaf5-dfd7cc238d1f}",
            "name": "image20",
            "type": "RGB"
        },
        {
            "id": "{09cc70bf-4630-444e-a14e-16f402cf0bb2}",
            "name": "image21",
            "type": "RGB"
        },
        {
            "id": "{9a6a60b7-2625-497d-afe5-1027cd8193f1}",
            "name": "image22",
            "type": "RGB"
        },
        {
            "id": "{d0d4f10a-c439-4d23-8228-9c5e709a480c}",
            "name": "image23",
            "type": "RGB"
        },
        {
            "id": "{82f2f2a5-fd68-423d-a6cb-979673edfd2a}",
            "name": "image24",
            "type": "RGB"
        },
        {
            "id": "{c0f0a419-8ce0-4112-853e-f9f634335366}",
            "name": "image25",
            "type": "RGB"
        },
        {
            "id": "{6cc946a6-e567-4993-86a7-4345d00a09f4}",
            "name": "PreWash0",
            "type": "RGB"
        },
        {
            "id": "{afbc21e9-c67a-4523-9c1c-2dc1b1157fc3}",
            "name": "PreWash1",
            "type": "RGB"
        },
        {
            "id": "{0b3b4d26-b29b-4ef9-9c81-76dcaf9023dc}",
            "name": "PreWash2",
            "type": "RGB"
        },
        {
            "id": "{75584009-281e-4bf0-9eab-6d66e3654fe8}",
            "name": "PreWash3",
            "type": "RGB"
        },
        {
            "id": "{ec5de55c-e6d5-420e-a318-acbbe710f998}",
            "name": "Rinse0",
            "type": "RGB"
        },
        {
            "id": "{8339bfd2-4056-4c40-ae99-7b37a4412bac}",
            "name": "Rinse1",
            "type": "RGB"
        },
        {
            "id": "{0a72c62e-7bb8-46d0-9e33-8d19be816820}",
            "name": "Rinse2",
            "type": "RGB"
        },
        {
            "id": "{7229a2f6-27b0-435e-81ba-98f2b4794667}",
            "name": "Rinse3",
            "type": "RGB"
        },
        {
            "id": "{0f67a6b2-0e4d-450f-ad95-470196145d06}",
            "name": "Spin0",
            "type": "RGB"
        },
        {
            "id": "{19519840-600e-494b-bb72-b3cefeceaf94}",
            "name": "Spin1",
            "type": "RGB"
        },
        {
            "id": "{5cc49e00-2c7e-426b-9b56-8ec5f7d70f6c}",
            "name": "Spin2",
            "type": "RGB"
        },
        {
            "id": "{425d9582-7e7f-4377-a31a-5e47f9127793}",
            "name": "Spin3",
            "type": "RGB"
        },
        {
            "id": "{6b12c37a-c0e0-4210-998d-36138b9cdadf}",
            "name": "Wash0",
            "type": "RGB"
        },
        {
            "id": "{e4519a0b-4cff-494b-83c1-144d4748714a}",
            "name": "Wash1",
            "type": "RGB"
        },
        {
            "id": "{b21461fb-171e-4600-a5e8-31b508b52367}",
            "name": "Wash2",
            "type": "RGB"
        },
        {
            "id": "{4c6da090-a19e-4a2a-a2c8-8946819544e9}",
            "name": "Wash3",
            "type": "RGB"
        },
        {
            "id": "{32858f7f-abb9-48bf-ac2d-f28784ea2437}",
            "name": "r1",
            "type": "RGB"
        },
        {
            "id": "{75a1c1bb-81a5-4487-9744-333f6cc418aa}",
            "name": "r2",
            "type": "RGB"
        },
        {
            "id": "{f8279817-74b2-45d6-84da-028c49afdab7}",
            "name": "r3",
            "type": "RGB"
        },
        {
            "id": "{afac247c-20a8-46e0-ae79-57be35ed16e7}",
            "name": "r4",
            "type": "RGB"
        },
        {
            "id": "{3fd14fa0-08b8-4b02-8e7b-da40a73e01e0}",
            "name": "r5",
            "type": "RGB"
        },
        {
            "id": "{7a4f4f79-efd5-44cb-8280-74410cd911f4}",
            "name": "r6",
            "type": "RGB"
        },
        {
            "id": "{f5b36c27-5dcb-4600-9f3d-d08b16058200}",
            "name": "r7",
            "type": "RGB"
        },
        {
            "id": "{7f0c839f-8e61-4c4e-a393-e93e191e3b2d}",
            "name": "r8",
            "type": "RGB"
        },
        {
            "id": "{0f39af9a-438e-4b2d-87b9-479d1f68fa3d}",
            "name": "r9",
            "type": "RGB"
        },
        {
            "id": "{2eaf8051-f5ee-4f7c-82ef-b140f7f988d2}",
            "name": "r10",
            "type": "RGB"
        },
        {
            "id": "{65ee02ba-fb5e-4e12-82f1-e583e7b6d458}",
            "name": "r11",
            "type": "RGB"
        },
        {
            "id": "{172a6218-c89a-4744-aa30-d06f40a512d4}",
            "name": "r12",
            "type": "RGB"
        },
        {
            "id": "{08ff9e0b-8a31-497e-a102-8e73507f21ac}",
            "name": "r13",
            "type": "RGB"
        },
        {
            "id": "{08b629cf-be63-4234-9b42-5bfb37a3bb8e}",
            "name": "r14",
            "type": "RGB"
        },
        {
            "id": "{afe2bdf5-36a5-41ab-ba24-369511bbabec}",
            "name": "r15",
            "type": "RGB"
        },
        {
            "id": "{c649e450-bd3a-41e2-ac56-a917798449e2}",
            "name": "r16",
            "type": "RGB"
        },
        {
            "id": "{3b055bba-2dd7-42b6-801e-c32a777597e3}",
            "name": "blue_but_down",
            "type": "RGB"
        },
        {
            "id": "{7d1f18ab-ba69-475a-9a7b-0b5e4a66cdcb}",
            "name": "blue_but_up",
            "type": "RGB"
        },
        {
            "id": "{585ef8f5-ce36-423e-af48-bef406a5b21c}",
            "name": "green_but_down",
            "type": "RGB"
        },
        {
            "id": "{fb6f07e9-354f-4d06-931f-b51f8590093d}",
            "name": "green_but_up",
            "type": "RGB"
        },
        {
            "id": "{913d22c7-921c-4614-bbea-bf9eb71e2b3b}",
            "name": "start_but_down",
            "type": "RGB"
        },
        {
            "id": "{33f787e6-1ce2-4941-a6e1-e33c374db187}",
            "name": "start_but_up",
            "type": "RGB"
        },
        {
            "id": "{a19d52db-33db-45e6-88c4-866083808181}",
            "name": "normalprog",
            "type": "RGB"
        },
        {
            "id": "{69f6214b-3fc6-4ae8-91fa-2aebc84bca7e}",
            "name": "sportsprog",
            "type": "RGB"
        },
        {
            "id": "{f78565e5-dd9c-4528-aac6-400059dd3213}",
            "name": "bedprog",
            "type": "RGB"
        },
        {
            "id": "{aefb01b2-73e3-4d7a-9d5e-44865ca4f92d}",
            "name": "woolprog",
            "type": "RGB"
        },
        {
            "id": "{f6b5ced6-b84f-4bb5-91f2-2152f8cc2b95}",
            "name": "warmTemp",
            "type": "RGB"
        },
        {
            "id": "{a76179b5-a9e2-4bfd-b42b-bd638a1652c2}",
            "name": "coldTemp",
            "type": "RGB"
        },
        {
            "id": "{667db68a-3fa5-4708-bf38-20587c4e8ddf}",
            "name": "hotTemp",
            "type": "RGB"
        },
        {
            "id": "{ce679cfe-083b-44c4-86be-b5e34979a52b}",
            "name": "mediumSL",
            "type": "RGB"
        },
        {
            "id": "{1c3d1a30-c23d-4bb4-af20-21627f18dded}",
            "name": "lowSL",
            "type": "RGB"
        },
        {
            "id": "{ce4fa3ca-e4a5-4df4-b8ef-abf4ecdc30b9}",
            "name": "highSL",
            "type": "RGB"
        },
        {
            "id": "{3ba9d7de-ed85-4cee-8870-a52b52bfd704}",
            "name": "SoundOn",
            "type": "RGB"
        },
        {
            "id": "{b1bee6d7-3694-4d19-baec-dbf4048874a6}",
            "name": "Sound",
            "type": "RGB"
        },
        {
            "id": "{5560878e-14aa-4418-9ee0-6dd3a0710ced}",
            "name": "rinse",
            "type": "RGB"
        },
        {
            "id": "{f07f3b91-8ce0-4e41-875d-74e26baf0497}",
            "name": "preWash",
            "type": "RGB"
        },
        {
            "id": "{d346a474-3f94-4cda-b539-418af8deabd1}",
            "name": "loadSize",
            "type": "RGB"
        },
        {
            "id": "{460758e6-24fa-4a81-bd6e-47638cc2c2dc}",
            "name": "option_but",
            "type": "RGB"
        },
        {
            "id": "{b9b65f5d-f378-4c81-8fda-73816cdb75bd}",
            "name": "SoundOff",
            "type": "RGB"
        },
        {
            "id": "{beaf8a54-4823-4985-a857-1f2c504c6448}",
            "name": "Normal_cycle",
            "type": "RGB"
        },
        {
            "id": "{b2dc9525-da02-43b1-a182-a71d16795942}",
            "name": "Bedding_cycle",
            "type": "RGB"
        },
        {
            "id": "{2fb7bd2d-9358-4d28-9f68-3cca3a76d805}",
            "name": "wool_cycle",
            "type": "RGB"
        },
        {
            "id": "{8ff372a8-d565-40b7-9b1a-e9feb8c3d5aa}",
            "name": "sports_cycle",
            "type": "RGB"
        },
        {
            "id": "{97068342-b7ff-4180-8d7c-3c22152b1e7d}",
            "name": "round_exit",
            "type": "RGB"
        },
        {
            "id": "{f12b2f7d-1b8b-47b6-aa99-9704791ea12d}",
            "name": "round_button",
            "type": "RGB"
        }
    ],
    "paths": [
    ]
}
