{
    "images": [
        {
            "id": "{1f616481-7fb6-4b6a-b076-2f8aac078962}",
            "name": "logoH",
            "type": "RGB"
        },
        {
            "id": "{8aa9bc65-074d-4f91-ab4a-a074ed6780a6}",
            "name": "template",
            "type": "RGB"
        },
        {
            "id": "{69575fc8-ec94-4679-8a82-a268125369d2}",
            "name": "image1",
            "type": "RGB"
        },
        {
            "id": "{c65da1dd-232e-41b9-bd84-f7eb850141d6}",
            "name": "image2",
            "type": "RGB"
        },
        {
            "id": "{4c27bb23-797e-4a45-a683-55caf17df3c4}",
            "name": "image3",
            "type": "RGB"
        },
        {
            "id": "{24a2caef-4ab9-49db-9717-d5d5fa5ae087}",
            "name": "image4",
            "type": "RGB"
        },
        {
            "id": "{aff36b15-afc7-4f4d-8431-ac59c296e054}",
            "name": "image5",
            "type": "RGB"
        },
        {
            "id": "{c9e398bc-6c6a-49b4-b464-9a3d52e9fe17}",
            "name": "image6",
            "type": "RGB"
        },
        {
            "id": "{f8db077a-3e1d-4838-82bb-5d34e463f258}",
            "name": "image7",
            "type": "RGB"
        },
        {
            "id": "{35854e3b-fcba-40a8-8a18-c1a30fe3df94}",
            "name": "image8",
            "type": "RGB"
        },
        {
            "id": "{760a965d-3fe0-4b51-8dbb-7debcd3e8a45}",
            "name": "image9",
            "type": "RGB"
        },
        {
            "id": "{2bc5f1b1-66a3-4ef1-a239-02a371c0dd54}",
            "name": "image10",
            "type": "RGB"
        },
        {
            "id": "{5cb42fc6-0167-4a9f-ae46-bc462d0afc79}",
            "name": "image11",
            "type": "RGB"
        },
        {
            "id": "{e09ee5db-9cbe-4a36-a409-854e8d2cfa4b}",
            "name": "image12",
            "type": "RGB"
        },
        {
            "id": "{38e95a35-3a96-4dbf-90e1-59301b87d994}",
            "name": "image13",
            "type": "RGB"
        },
        {
            "id": "{36367e0b-fccf-4bfd-8ad9-de461e24669f}",
            "name": "image14",
            "type": "RGB"
        },
        {
            "id": "{2b732a15-6a55-4930-a19d-964d971a7918}",
            "name": "image15",
            "type": "RGB"
        },
        {
            "id": "{88b1f392-8ccc-482e-a698-9c152611d3f1}",
            "name": "image16",
            "type": "RGB"
        },
        {
            "id": "{cf94d093-a867-445c-8978-cd411558ad45}",
            "name": "cold_but_down",
            "type": "RGB"
        },
        {
            "id": "{8f7b6ef2-b7ca-47e3-854e-dd1145bcaeea}",
            "name": "cold_but_up",
            "type": "RGB"
        },
        {
            "id": "{3e6f5063-aeb2-4d79-bfba-fc78ca1322c7}",
            "name": "warm_but_down",
            "type": "RGB"
        },
        {
            "id": "{d8ec2d37-ebb1-4699-b01d-e849ba7c2527}",
            "name": "warm_but_up",
            "type": "RGB"
        },
        {
            "id": "{93fcf431-8aaf-4a4b-bb70-67993459291e}",
            "name": "hot_but_down",
            "type": "RGB"
        },
        {
            "id": "{053cf63a-3f7d-4761-8e1e-9d6c44231cc3}",
            "name": "hot_but_up",
            "type": "RGB"
        },
        {
            "id": "{77ffcf29-70cf-4db7-9421-09066e50d56a}",
            "name": "normal_but_up",
            "type": "RGB"
        },
        {
            "id": "{2072927e-5ea1-496a-b37d-35a9738a539c}",
            "name": "normal_but_down",
            "type": "RGB"
        },
        {
            "id": "{1d685b24-533c-4312-8f97-6238ab7465eb}",
            "name": "bed_but_down",
            "type": "RGB"
        },
        {
            "id": "{af1d4b97-6224-4ea5-9252-692b37fd2ecb}",
            "name": "bed_but_up",
            "type": "RGB"
        },
        {
            "id": "{feef1822-1ea1-41fe-a147-6f427c1861cb}",
            "name": "wool_but_down",
            "type": "RGB"
        },
        {
            "id": "{35324036-c50b-4c8f-90c6-cc1af81bbc63}",
            "name": "wool_but_up",
            "type": "RGB"
        },
        {
            "id": "{028a401b-142e-4d10-9495-6fabbd09810c}",
            "name": "medium_but_down",
            "type": "RGB"
        },
        {
            "id": "{e7e0eb87-2c1e-4ee6-9d51-38fae9dcf508}",
            "name": "medium_but_up",
            "type": "RGB"
        },
        {
            "id": "{1b91df6c-a9c4-4230-83b6-0f7d33e51db3}",
            "name": "high_but_down",
            "type": "RGB"
        },
        {
            "id": "{3ffcc95c-71d0-423f-ac6a-3d293122b3ad}",
            "name": "high_but_up",
            "type": "RGB"
        },
        {
            "id": "{0fe772c8-824f-4f36-9ea0-83bc39e7afbe}",
            "name": "low_but_down",
            "type": "RGB"
        },
        {
            "id": "{b4e56955-a6d9-4c82-9d3e-4b237fcf9224}",
            "name": "low_but_up",
            "type": "RGB"
        },
        {
            "id": "{e9c80d60-cd2f-47ce-81b2-0b5ba188d50b}",
            "name": "close",
            "type": "RGB"
        },
        {
            "id": "{4a021140-3548-4daf-89aa-488d80283b72}",
            "name": "prewash_but_off",
            "type": "RGB"
        },
        {
            "id": "{2965e655-1499-4163-a1f1-b6beae8a0c3f}",
            "name": "prewash_but_on",
            "type": "RGB"
        },
        {
            "id": "{87833593-a7a9-4f10-adae-486c485d0823}",
            "name": "sound_but_off",
            "type": "RGB"
        },
        {
            "id": "{4ee92d0a-15ec-4322-b9ed-c64e5d7bd07a}",
            "name": "sound_but_on",
            "type": "RGB"
        },
        {
            "id": "{3d85faa8-5f8c-4d3a-b2de-7278b25a2071}",
            "name": "xrinse_but_off",
            "type": "RGB"
        },
        {
            "id": "{cf890484-79fc-470e-b56d-2db22a2661b4}",
            "name": "xrinse_but_on",
            "type": "RGB"
        },
        {
            "id": "{22aeab0b-e17e-4f30-8bcf-15d34ecd7278}",
            "name": "start_but_down",
            "type": "RGB"
        },
        {
            "id": "{3e175a8c-09a8-4283-be0a-d72349b4fdd7}",
            "name": "start_but_up",
            "type": "RGB"
        },
        {
            "id": "{7e3149ee-fe88-4465-821e-d7424b4a5370}",
            "name": "options_but_down",
            "type": "RGB"
        },
        {
            "id": "{7d5fa520-c5aa-4bb1-b10e-1046f8c8c031}",
            "name": "options_but_up",
            "type": "RGB"
        },
        {
            "id": "{c3af82ed-8284-4e78-a391-964fa82ceadb}",
            "name": "image17",
            "type": "RGB"
        },
        {
            "id": "{f54348ce-3ebb-4c8d-93b6-70feba9b2b95}",
            "name": "image18",
            "type": "RGB"
        },
        {
            "id": "{d666d992-325d-48eb-a6e9-e91fe8ee8477}",
            "name": "image19",
            "type": "RGB"
        },
        {
            "id": "{64994d3b-1db4-4538-aaf5-dfd7cc238d1f}",
            "name": "image20",
            "type": "RGB"
        },
        {
            "id": "{09cc70bf-4630-444e-a14e-16f402cf0bb2}",
            "name": "image21",
            "type": "RGB"
        },
        {
            "id": "{9a6a60b7-2625-497d-afe5-1027cd8193f1}",
            "name": "image22",
            "type": "RGB"
        },
        {
            "id": "{d0d4f10a-c439-4d23-8228-9c5e709a480c}",
            "name": "image23",
            "type": "RGB"
        },
        {
            "id": "{82f2f2a5-fd68-423d-a6cb-979673edfd2a}",
            "name": "image24",
            "type": "RGB"
        },
        {
            "id": "{c0f0a419-8ce0-4112-853e-f9f634335366}",
            "name": "image25",
            "type": "RGB"
        },
        {
            "id": "{6cc946a6-e567-4993-86a7-4345d00a09f4}",
            "name": "PreWash0",
            "type": "RGB"
        },
        {
            "id": "{afbc21e9-c67a-4523-9c1c-2dc1b1157fc3}",
            "name": "PreWash1",
            "type": "RGB"
        },
        {
            "id": "{0b3b4d26-b29b-4ef9-9c81-76dcaf9023dc}",
            "name": "PreWash2",
            "type": "RGB"
        },
        {
            "id": "{75584009-281e-4bf0-9eab-6d66e3654fe8}",
            "name": "PreWash3",
            "type": "RGB"
        },
        {
            "id": "{ec5de55c-e6d5-420e-a318-acbbe710f998}",
            "name": "Rinse0",
            "type": "RGB"
        },
        {
            "id": "{8339bfd2-4056-4c40-ae99-7b37a4412bac}",
            "name": "Rinse1",
            "type": "RGB"
        },
        {
            "id": "{0a72c62e-7bb8-46d0-9e33-8d19be816820}",
            "name": "Rinse2",
            "type": "RGB"
        },
        {
            "id": "{7229a2f6-27b0-435e-81ba-98f2b4794667}",
            "name": "Rinse3",
            "type": "RGB"
        },
        {
            "id": "{39e945a5-8aa5-4023-9ce4-7b1f4cea663b}",
            "name": "round_button",
            "type": "RGB"
        },
        {
            "id": "{87e6e788-d5f1-4d0a-a544-f7b7949b6f71}",
            "name": "round_exit",
            "type": "RGB"
        },
        {
            "id": "{0f67a6b2-0e4d-450f-ad95-470196145d06}",
            "name": "Spin0",
            "type": "RGB"
        },
        {
            "id": "{19519840-600e-494b-bb72-b3cefeceaf94}",
            "name": "Spin1",
            "type": "RGB"
        },
        {
            "id": "{5cc49e00-2c7e-426b-9b56-8ec5f7d70f6c}",
            "name": "Spin2",
            "type": "RGB"
        },
        {
            "id": "{425d9582-7e7f-4377-a31a-5e47f9127793}",
            "name": "Spin3",
            "type": "RGB"
        },
        {
            "id": "{6b12c37a-c0e0-4210-998d-36138b9cdadf}",
            "name": "Wash0",
            "type": "RGB"
        },
        {
            "id": "{e4519a0b-4cff-494b-83c1-144d4748714a}",
            "name": "Wash1",
            "type": "RGB"
        },
        {
            "id": "{b21461fb-171e-4600-a5e8-31b508b52367}",
            "name": "Wash2",
            "type": "RGB"
        },
        {
            "id": "{4c6da090-a19e-4a2a-a2c8-8946819544e9}",
            "name": "Wash3",
            "type": "RGB"
        },
        {
            "id": "{32858f7f-abb9-48bf-ac2d-f28784ea2437}",
            "name": "r1",
            "type": "RGB"
        },
        {
            "id": "{75a1c1bb-81a5-4487-9744-333f6cc418aa}",
            "name": "r2",
            "type": "RGB"
        },
        {
            "id": "{f8279817-74b2-45d6-84da-028c49afdab7}",
            "name": "r3",
            "type": "RGB"
        },
        {
            "id": "{afac247c-20a8-46e0-ae79-57be35ed16e7}",
            "name": "r4",
            "type": "RGB"
        },
        {
            "id": "{3fd14fa0-08b8-4b02-8e7b-da40a73e01e0}",
            "name": "r5",
            "type": "RGB"
        },
        {
            "id": "{7a4f4f79-efd5-44cb-8280-74410cd911f4}",
            "name": "r6",
            "type": "RGB"
        },
        {
            "id": "{f5b36c27-5dcb-4600-9f3d-d08b16058200}",
            "name": "r7",
            "type": "RGB"
        },
        {
            "id": "{7f0c839f-8e61-4c4e-a393-e93e191e3b2d}",
            "name": "r8",
            "type": "RGB"
        },
        {
            "id": "{0f39af9a-438e-4b2d-87b9-479d1f68fa3d}",
            "name": "r9",
            "type": "RGB"
        },
        {
            "id": "{2eaf8051-f5ee-4f7c-82ef-b140f7f988d2}",
            "name": "r10",
            "type": "RGB"
        },
        {
            "id": "{65ee02ba-fb5e-4e12-82f1-e583e7b6d458}",
            "name": "r11",
            "type": "RGB"
        },
        {
            "id": "{172a6218-c89a-4744-aa30-d06f40a512d4}",
            "name": "r12",
            "type": "RGB"
        },
        {
            "id": "{08ff9e0b-8a31-497e-a102-8e73507f21ac}",
            "name": "r13",
            "type": "RGB"
        },
        {
            "id": "{08b629cf-be63-4234-9b42-5bfb37a3bb8e}",
            "name": "r14",
            "type": "RGB"
        },
        {
            "id": "{afe2bdf5-36a5-41ab-ba24-369511bbabec}",
            "name": "r15",
            "type": "RGB"
        },
        {
            "id": "{c649e450-bd3a-41e2-ac56-a917798449e2}",
            "name": "r16",
            "type": "RGB"
        },
        {
            "id": "{f5661aa7-3f1b-4305-9ac7-8e4474f88a9f}",
            "name": "Bedding_cycle",
            "type": "RGB"
        },
        {
            "id": "{d905b77e-b53d-486e-9aee-b10a0ae3e77d}",
            "name": "Normal_cycle",
            "type": "RGB"
        },
        {
            "id": "{fa5f8bd9-ac7d-4c9f-85f0-f23e2172d432}",
            "name": "sports_cycle",
            "type": "RGB"
        },
        {
            "id": "{fa6b0ba9-a0b3-4b5a-94b6-8ad3bdae6dc6}",
            "name": "wool_cycle",
            "type": "RGB"
        },
        {
            "id": "{47c59bc6-55a3-4e8e-bfb0-86ea866aba37}",
            "name": "sports_but_down",
            "type": "RGB"
        },
        {
            "id": "{5672c371-43b9-4c66-8b6f-58fcb57e36df}",
            "name": "sports_but_up",
            "type": "RGB"
        }
    ],
    "paths": [
    ]
}
